Total_Watch_time,Average_Watch_time,10_Sec_Watch_Time,10_Sec_Views,Spammy_Views,Love,Comment,Share,Report_Abuse,Repost_Count,LANGUAGE_NAME,UNIQUE_ID,Watch_Views
20151,57,19487,165,156,163,75,0,0,30,English,cae37a9e0d386bdd55b7bd057c8b3909,351
5915,37,5538,61,41,77,33,0,0,5,Hindi,7da01ef413534fcc89f2aef789e2bd65,161
4904,38,4694,58,57,59,10,0,0,7,Hindi,a8d52e749de6abdb6ddd9d402faa3725,128
5724,34,5342,68,80,135,27,0,0,21,,6e2b9ce9b8fd784776267e05d087b35d,167
2145,17,1877,56,16,61,14,1,0,14,English,4efbd6ba9bbb23d81a433f09675bbb2e,124
4428,29,4102,62,57,90,7,0,0,7,,53308ed094c9ee4fe48ab54ca093dc01,155
2648,25,2421,43,37,65,10,0,0,5,Hindi,6b8eb01f8a03b79e40b84e1d6d4eb11b,104
9437,29,8843,142,123,107,50,1,0,32,Hindi,8871068c2e516635749d84f04f757eee,321
8948,30,8273,99,95,74,33,0,0,11,English,a81d9d027aeec33f53ed82404a6f87ed,297
12087,29,11074,153,142,168,46,1,0,31,English,e7975406eaba5215b35711725ef9ee4b,420
5377,29,4930,76,47,114,22,0,0,14,English,830983454b1c58cceb0fc3467ade1f89,186
8196,34,7596,77,79,60,25,1,0,13,,274ff53c79ddfc2b79631795774e617b,241
3899,27,3519,45,22,84,9,0,0,2,Hindi,6e6ffd7a1f7795f04deea3996297bcb2,145
4383,27,4016,67,52,84,12,0,0,5,Hindi,701159009eef7c55bd6a3ead448f9a53,162
12317,36,11578,152,132,166,96,0,0,33,English,c5e3f30db95b520b00dcde570c4ee328,346
2315,22,2044,32,32,109,18,0,0,9,English,a521ffafcf43b3e7d5348e5592095716,104
3340,18,2953,62,69,114,58,2,0,23,English,59eb0e164b049fb2ca168424b07e72e5,181
3038,17,2690,60,89,91,26,0,0,22,Hindi,2bf9496272b9487150ebc4939a6e9665,179
3407,23,3072,57,52,90,13,0,0,11,Hindi,18093deea14a9fc102da3689392ba950,145
2333,20,2098,38,42,88,27,0,0,15,English,8604328089dac9d8cf41af0276adafd3,118
2140,11,1750,51,121,157,81,4,0,32,Hindi,5a883ce021046cf8ca3dd00222f3f203,190
3530,23,3209,66,49,64,8,0,0,6,Hindi,0882166473fa878368be386811bd12c9,154
4238,25,3882,55,64,58,14,0,0,3,,92f01e6ddbfcaff9610e4bdbd95c1cb1,168
2074,16,1735,34,50,46,8,0,0,5,,4e3652eb1234177d6fa13de475c060ed,130
4423,22,3947,72,66,102,16,0,0,18,Hindi,c738dceaf4bd4fe4ae0bbc900227ae3b,201
2554,23,2282,48,30,103,22,2,0,6,English,5b8ff44f249b667490f10ee1f1422339,110
4577,44,4370,47,46,76,6,0,0,3,English,8de1eb9fd497bba0c188885234b578ac,103
2250,16,1910,43,71,105,40,0,0,18,English,e02c0643bba224f7cea66cef0ce5bc4b,137
3687,23,3285,40,66,141,23,0,0,14,,0da09f0a4917ea58cc1d340ad00c58b3,163
1419,14,1149,30,38,53,13,0,0,7,Hindi,34e649cef5bfc9c793bde91d58606c94,104
4993,38,4789,75,26,55,10,0,0,3,,f3c554dd348f1357f89ac98e1b4c0646,132
2800,15,2276,54,55,98,17,0,0,20,English,5f10f1fe3186054f31fc8b378b2d75a4,186
7146,23,6496,115,114,80,12,0,0,5,English,2757bb2b91c5d8235944744fcc7f03a1,311
1137,11,885,32,28,96,29,0,0,10,English,684c6add76331c8aeaabe7c5b360de7a,102
2968,22,2673,61,55,93,39,1,0,13,English,60dd62f2780c8ab42fda57f2a9e963eb,134
9131,41,8650,89,76,86,46,1,0,13,English,67a9d6dacf2383f28396142396164e4c,225
6314,35,5959,72,89,106,33,0,0,19,English,930a2a2dea2654f82aa722fdc62fc0c2,178
5397,26,4961,65,115,152,39,0,0,43,English,83ff9471351ba0613273e33c3027dbeb,210
8329,18,7224,126,232,164,69,0,0,35,Hindi,704919909b1824042068b48390add66b,451
19569,25,17937,304,311,299,202,5,0,79,Hindi,139e91fa575ad1a65172fa90c1dccb81,788
3085,29,2841,42,20,77,31,5,0,12,English,6717b991e5f287efb39ff61d9357c8c2,105
3254,30,3038,64,12,50,10,0,0,1,English,9f9c51a32b4d3ef81b6e051e0c79a374,110
17190,29,15966,226,259,187,73,0,0,34,English,10c32673950c6ac40b32f62e750b33bb,583
2811,22,2661,84,23,44,5,1,0,2,,e016222891d38f3262b76add7d08b498,126
2985,24,2685,52,47,68,23,4,0,8,Hindi,9e7daae342bedfc4c0a5ef5838eacd6f,123
3081,25,2824,46,56,120,41,0,0,20,English,e3467a1dfeda2f2ad7b5a36bf0352dfa,122
9633,22,8588,148,145,200,112,2,0,30,,8c28190af887ba204384084db3ea6e64,440
88347,36,83185,1162,528,390,113,12,0,18,English,01af2415054ae411e1d715b361a06e98,2429
1263,11,981,36,47,50,7,0,0,8,Hindi,2084c6857083a82c66781fe97ce2708c,111
2075,12,1602,48,107,109,40,0,0,28,English,1c8aaf9e004c57bb00f07c506bf7a508,177
2619,21,2327,50,35,54,20,0,0,5,English,a771e1ac76b40e7a941a2bc11a8a9a8a,124
37968,16,31682,771,941,336,70,10,0,52,English,1aa1100ced5d1cc87599a09a9959a770,2445
2795,20,2429,52,44,44,19,2,0,6,,9ec49a80db0e5aa0aba7a0b71ea5040a,139
2729,22,2572,86,31,35,2,0,0,0,English,7379de67a09e376f882752a377114ef2,124
3019,23,2755,58,43,95,23,1,0,12,English,0dda5406f90f54000c0a58a074d45900,131
3665,16,3224,99,60,60,12,0,0,6,English,1b0dff8b84856eb51a1b44d567fa7eed,226
6036,27,5615,108,68,111,13,1,0,19,Hindi,ed0f049c2621ec45063c07072c90d581,226
2048,18,1803,59,26,64,14,0,0,6,,f40c0f456efc2f0a0f162ae2e3dee327,112
2764,20,2452,63,38,74,12,1,0,8,English,c3c99546a56f983a51ef9b182c4689cf,141
9375,32,8781,118,105,103,42,0,0,17,English,1bd7ebe9e3b5aadb8fb07b9c4d82beda,291
12085,34,11417,165,108,141,29,0,0,14,English,845718d18d163b193f99134b33dea0aa,352
2899,24,2697,55,49,59,3,0,0,3,English,0deb6baac159acf143f7e204698477c7,119
3251,22,2886,67,25,69,17,1,0,6,English,403d9e8b1f787bb28405ffb6378eb58a,146
3663,18,3249,87,93,123,53,0,0,19,English,0b373ba9a7f87b184764d0282e143142,202
27643,40,26292,369,159,228,71,0,0,24,,9f87cea60b6cf54ed51dd7cfba448117,693
3069,16,2604,65,60,62,25,0,0,11,,71b49a1f7545e73f4894ed49569164c5,187
4655,18,4051,71,119,163,115,0,0,31,English,afa666f1f713a9e5585f80440d782168,257
10500,31,9895,160,107,140,35,1,0,20,English,64d68958369984f24caddaf723b782a8,336
2230,16,1913,56,39,74,18,0,0,9,,cb0cecdadf998b9c8dfe8e4e9e78d586,139
2083,20,1829,41,34,45,5,0,0,4,,5e5272fcdecb4be25c954d486f82a117,104
1629,16,1467,51,29,54,11,0,0,4,English,af7749ddf8a74af4d58898ade52edc2d,104
2376,15,2024,61,66,129,39,0,0,18,English,6061c4f6594a5e58a87516218c94808b,161
4375,17,3848,91,130,115,57,0,0,24,,0186461c506b922752e493b16a7f59e1,254
40753,18,35163,851,739,238,41,6,0,53,English,9e673d975a161849f27643f79088159a,2247
2095,16,1847,67,29,69,14,0,0,4,Urdu,914eec17b4ca81b28a9ed1600877908a,132
4974,16,4329,159,59,77,17,1,0,5,English,6598159f363a93d793e78f972efabddb,312
6076,14,4917,99,209,153,20,1,0,19,Hindi,195675ff5d9a6b31e3b88870754c7b7e,425
125276,28,115300,1819,1271,689,179,7,0,43,English,217718d0a78ff30173a0a8145a070140,4411
2580,11,1993,52,98,168,80,0,0,25,,c52b64aea9daa204f205176c4ec22cb5,226
1982,14,1656,39,43,89,32,0,0,15,English,a545b27ba2b3d85042fa4f85d8b4cd6c,142
1843,14,1554,34,66,68,15,0,0,8,English,0f41ba6d69d9f7e12476a205246cd2da,128
10368,15,8727,302,241,280,117,1,0,34,English,bbf44c12283d3b39ed719080687b2d62,703
2624,15,2206,54,50,129,25,1,0,12,English,15bd5838d681f3687c76142c07933e85,172
69729,31,64629,1008,588,435,153,2,0,30,Hindi,b6e03d83f0536a70eb3f37494608a57f,2285
1660,11,1289,45,87,88,29,0,0,21,,d9e5dae8077c06a6593f3431ef3af228,153
10647,22,9767,190,176,216,133,0,0,51,Hindi,4a7e0c6d7781c84df5608bf8941b5811,481
3082,17,2633,77,48,180,45,0,0,2,English,93e09edc250bcbd3b82c7b073d0e5fb6,179
4135,22,3782,75,60,58,13,0,0,8,,9587222fe11f4a97729781021a99f84b,187
5738,18,5105,135,107,135,29,0,0,19,English,4727a1d15af600af20829afd4611925c,319
2956,12,2463,74,95,87,12,0,0,18,,99e4afff6d959f65209701dd15a459b5,239
3696,19,3260,79,73,128,22,2,0,17,Hindi,e82773a9c447f869683e93d67af077f1,190
4445,12,3446,129,111,202,74,0,0,23,,833aa2ddee8587c466fb62752a3b3ed7,361
11829,12,9101,276,212,49,1,1,0,4,Malayalam,50f98aadb795a99bcfead2b4d4dbcc99,971
1784,14,1507,58,32,88,12,1,0,6,,151e6cdf8babfe9a0b346108c229e8dd,128
2318,15,1969,48,63,62,6,0,0,11,English,712a2f9746050651cd64ca30f4a66c9e,154
215360,20,187353,4509,2329,955,116,43,0,29,English,092b940d8c01ec06a79efe7dfa1cbd4e,10740
51667,20,46048,1121,1000,714,113,13,0,88,English,419f947aa16e4b27481629a35fd2fe8e,2620
14187,23,12714,181,237,151,34,0,0,33,English,d1ce043e7d417c154a2608bcf481086a,607
1807,12,1518,57,92,67,13,0,0,12,,935cdcdc618090c856f8eb5b72ec2b55,155
,,,,,,,,,,,c41bb3944bb46909da8452c701545fcb,302
,,,,,,,,,,,3ab70c9de942fd7c64a94e84d4b7b1c2,331
,,,,,,,,,,,3c5c39e1c8230fac81c90e6e21cd9844,233
,,,,,,,,,,,1e2c7a9d8d62011d32e698e679524506,589
,,,,,,,,,,,5dbad0ea84e73e8734c2917150287d56,219
,,,,,,,,,,,abf314d0e938053c542cbb65cfffa1e5,151
,,,,,,,,,,,72746fb801741c5bafb3ec18f6887a9d,105
,,,,,,,,,,,888df453d847a201ee7ec70a7fefdad5,107
,,,,,,,,,,,eeb3eaa4361a2ba6e3f3c9f6c2d3fb0c,124
,,,,,,,,,,,86fba55de321c148ba6dc59f875ec4da,235
,,,,,,,,,,,76bc0a6430cd61b59d757107c779f49c,123
,,,,,,,,,,,415c73efe1dfed456fec597540e88939,231
,,,,,,,,,,,39e53f9356ecc93890c69d12f6b7282c,130
,,,,,,,,,,,2e08aab7a0b797c875e2527a78c0d208,275
,,,,,,,,,,,12ca67794717c3f089a31ff9a1bf3c2d,138
,,,,,,,,,,,2a4e0932c707562c8e31bdc716c776d8,104
,,,,,,,,,,,04708ebe7a146b7dab3906bd6da6fb28,245
,,,,,,,,,,,a7a939532a52dea504b883b4cd7e2b99,115
,,,,,,,,,,,8af115405315b5ae9da8d1a38641f27e,274
,,,,,,,,,,,66a8c27b8c5474bc14ab341377ce70b2,4202
,,,,,,,,,,,06b66c6a82667ac45a96dae64b2797a6,166
,,,,,,,,,,,dbaf04f25eb755ccdeea1b629562ae82,169
,,,,,,,,,,,61d238c35247216b1252c2d4fbf7b0b9,160
,,,,,,,,,,,b97a1f5c01a60aafb42c2fba75570295,124
,,,,,,,,,,,ca9a3aa34a9218858d9b5a09f59f64ba,270
,,,,,,,,,,,83e94cd820c9517a985dcaecf22c6c94,134
,,,,,,,,,,,909a79e55f816a54093436297b1246de,176
,,,,,,,,,,,d79edc4c017e7f2ff63c6a461a5d58aa,2435
,,,,,,,,,,,c89f037d2da857fe94034b6bd67258ba,156
,,,,,,,,,,,d6a85f4f113d4bd06c1e14f56025879e,126
,,,,,,,,,,,c530ebcc46b2c9f2143bec435cbde051,3153
,,,,,,,,,,,f03a39504b992fbbd8312d2607d68464,110
,,,,,,,,,,,382ecee0d39f3ba913932aecbe73291e,157
,,,,,,,,,,,f00313fb9d7be224807a34236c5c85cd,297
,,,,,,,,,,,f00cfc7a2f2545aaf061f519a1d27bd5,146
,,,,,,,,,,,841996566656ceb282a9a0033a2a9388,123
,,,,,,,,,,,f19a33dc83b559e19810796ddc39f067,2892
,,,,,,,,,,,f7be826d19bce15d317c70350b4a9944,695
,,,,,,,,,,,33f8065e835fe74954bb6648ee0c46b2,214
,,,,,,,,,,,92cd75da25e17d3b387a0e850686bea9,413
,,,,,,,,,,,487d47824e7d23ea497c61db428b298d,121
,,,,,,,,,,,45def8bcca08c7f6e2bfa06cc7b0093e,337
,,,,,,,,,,,4aacc3988e6d0a30490bbc51d49f5baf,147
,,,,,,,,,,,2f9527bf7371e6b370133c0cbfd3c81a,252
,,,,,,,,,,,808f2b826d15b8d8716d88fb87e4851b,224
,,,,,,,,,,,1ab7d698b68d7207e1110d9cf0a9f1eb,129
,,,,,,,,,,,66b414839d17ef1d9892d5e10995830a,207
,,,,,,,,,,,a1c11e386b0a8fe5dc2ba358840bb69f,132
,,,,,,,,,,,2cb4fcef906b7784515dea0c27aae23c,573
,,,,,,,,,,,e06e8a91121cd5d98b9c7b0eec372471,107
,,,,,,,,,,,f8eb23e9be7892451308c5cc26f6eb8f,301
,,,,,,,,,,,0437404f112e18f35ddae6f718ccb510,271
,,,,,,,,,,,0ce05a8bcb435ed1093c6e7c2494bad9,210
,,,,,,,,,,,8f7532f8e87cfc60c0dc08bf7c15ebab,289
,,,,,,,,,,,a150fb95abd87fe82720defa83f0997c,252
,,,,,,,,,,,f7d5b43cbaa624879886dc0eabc9b2db,139
,,,,,,,,,,,14e93ade8db1df18b83371a85b070d43,129
,,,,,,,,,,,a99e7648308688d79fe8d2cd3c277662,708
,,,,,,,,,,,feb31d0dbe2ddfda15baff91c81d28bd,428
,,,,,,,,,,,4a1d1101f499a1c326a9459c849428e4,2169
,,,,,,,,,,,74e11ac8b8d1e86b14a1156e59343028,104
,,,,,,,,,,,3f5a21e7fcfa2f05b0f77d3727225f75,116
,,,,,,,,,,,2605764dd165a5f336efc1caae11f252,177
,,,,,,,,,,,9e8ac643f573f171c7cfde3ab8bd4a24,157
,,,,,,,,,,,7135d3bcdadd77b926c0f0466b137c1c,162
,,,,,,,,,,,03792d175250f6cf00f2305be9a68984,416
,,,,,,,,,,,f7aea8a13c078f280004d925d440a37e,342
,,,,,,,,,,,80c44286ce149afec6e7ad67e56aa943,213
,,,,,,,,,,,0b3056e7d6882424ce96b1dda67fb98b,186
,,,,,,,,,,,0e38d0e88c296efdd4f11e28817725e3,109
,,,,,,,,,,,c0b0b2adb76fead476199e9fe0642ae7,209
,,,,,,,,,,,ac04f710f4d125a494abfc5b825fa2c0,160
,,,,,,,,,,,371510bdd6f2c3c21bb3df8a090a6c2c,162
,,,,,,,,,,,f8b50717c9d48093ae34d49d289c9326,131
,,,,,,,,,,,7a1135412c06527b7f10bd38ec97b24c,362
,,,,,,,,,,,d6c6215283dff61dcceea103a76b70b5,202
,,,,,,,,,,,0c61368fbe9b6bbd98dc14b909ee86a0,376
,,,,,,,,,,,6424e98cfc6640dd07bc424afa65c4bc,281
,,,,,,,,,,,b7c43f9e4a371a46b31e26dc0c913de9,1317
,,,,,,,,,,,31711c347781a8198959e1b10f44dc75,145
,,,,,,,,,,,55221df94eb4f426e63bfe3af2835ac6,634
,,,,,,,,,,,8cb82b46ce2af8c347a00af32b3ab90a,235
,,,,,,,,,,,301632dcce77b283a0519bd3397bc110,248
,,,,,,,,,,,2507174dc5fff311cbf2ff52c7589dd8,2999
,,,,,,,,,,,6e18e0239e5c9081e9d1734e3cc2e8c2,196
,,,,,,,,,,,6bd5debaa83703b79d810aae57430088,338
,,,,,,,,,,,d1114f064fadeba48f468ba2f5590963,2010
,,,,,,,,,,,93fe56cbdd1a35a797cb120351060e03,1509
,,,,,,,,,,,ba7ffe7ada8010b42b44103a5ac939b6,348
,,,,,,,,,,,ae6aee0894fb5971bf62e62c875eca86,2333
,,,,,,,,,,,b119d8a8d915ce5f231f95233ed23da4,317
,,,,,,,,,,,1e2ca1f443a428d8486c99b1f366e85b,171
,,,,,,,,,,,29df5b8030f821a770175badbcc10b64,199
,,,,,,,,,,,05887d3259027719f9dc08091eff8fc9,462
,,,,,,,,,,,77b2ae9d6385c29b5f28bd0b371a2f1e,180
,,,,,,,,,,,d690d76e63da94b3447f15a441fd9c8e,3054
,,,,,,,,,,,999cfc32173d66fd3a2f22d7ce8c1396,319
,,,,,,,,,,,6f39abbe2fed68ab57d41f9ca08fd4a2,643
,,,,,,,,,,,af5ac5f8276035ecfba90fe709059cb6,3445
,,,,,,,,,,,52e5141b682c5d402848045ad282af6b,2425
,,,,,,,,,,,95ed6e8104c217a6eb83bfc6b9514ba9,279
,,,,,,,,,,,cbabf1f0eb2f8e5209643891869e4463,354
,,,,,,,,,,,3461831ea8ada66a9c8bd776f37bb831,215
,,,,,,,,,,,df880a399fda74e0d39961b147e587fa,352
,,,,,,,,,,,a9d160f3fcf5fb5ede69d09fdd83c022,678
,,,,,,,,,,,08a9f056af430321a3406a82049c3fa1,2815
,,,,,,,,,,,d18e53e34d219db7644943b7de46c7a0,3527
,,,,,,,,,,,68a1c4d519a7407a37f4080c12bd1c5c,985
,,,,,,,,,,,ebfae924927093cc3b6b2c6e1d8a30c3,355
,,,,,,,,,,,5a1e1e542b5f0e5d5f53abfb5710e380,390
,,,,,,,,,,,de6f350860dedd8f675243eb626a1e7e,697
,,,,,,,,,,,3b515bbce105e2613a7470c8e3c424ca,440
,,,,,,,,,,,02fb9fc73b16a4730662979c8594f181,524
,,,,,,,,,,,7955753c0db4a1c0ae755f314aed3710,3724
,,,,,,,,,,,7c4dbeaf567c2b0ab924edd6ee617bfc,498
,,,,,,,,,,,c9e832cb890403a7919bb98ff7fdb683,854
,,,,,,,,,,,cbef14407254324662073b947fd2d0cc,819
,,,,,,,,,,,0e6eb5bec150eddb6f1cc8ce1b054455,4220
,,,,,,,,,,,1e8cd2c21d53933638457992913e68f6,795
,,,,,,,,,,,d0b30b6161c584b496a5497dbda55603,335
,,,,,,,,,,,6d24e0213c28b95f4ad6526698225e51,998
,,,,,,,,,,,41ef4ea7e82cccab8d7b29e866b736f7,1804
,,,,,,,,,,,d35a016d90e676493fb30ecf145eb373,524
,,,,,,,,,,,1926b97ab8d30b72d9491e6e5d64806d,570
,,,,,,,,,,,b570dc39fc793d72d109fe8cc51c4a1b,2159
,,,,,,,,,,,f16e0842871aaa947d070296d81e7d04,2372
,,,,,,,,,,,4b97966ed893052382b4af2cc0a0fd7a,1459
,,,,,,,,,,,e1fa90b48ae2b77c7260b13dcb2d672f,3099
,,,,,,,,,,,4b601aa7d28ca8f393b714ead1eb7a46,4529
,,,,,,,,,,,f9655f7064c091cdadf3c2a0898aca80,4305
,,,,,,,,,,,12a5074d2479f472d55b3968ea51de60,2264
,,,,,,,,,,,0770fdc6a2184c3b31da0a1a56e4807d,2433
,,,,,,,,,,,f99b777e32f9deafba001477939f34e3,2268
,,,,,,,,,,,c6e0f50f61f143c5b457330f2c5bd138,3193
,,,,,,,,,,,8f2531a7cabeaaa159701cef8a6d0403,4088
,,,,,,,,,,,c8de5c1e5cd56c51862a3f38fee664db,1469
,,,,,,,,,,,0b4b18dee7cff48162af7ea78ceb2889,679
,,,,,,,,,,,90396e129b2c48422b4ba9d18d7ae519,4384
,,,,,,,,,,,b57ea5640e3a97075b78aec874153b10,704
,,,,,,,,,,,43938580e299073918e7de5f6c77f3c3,2328
,,,,,,,,,,,8cda070ad964f85087ac421b72d2e33c,661
,,,,,,,,,,,f69a3e55c55fa7f6227c64a205a34157,1118
,,,,,,,,,,,e24233c01d8e95744515f6ffc320f5b5,1967
,,,,,,,,,,,58d1d254c8a9ed55f80d57b154056acc,4508
,,,,,,,,,,,e23c5d41cc663ea4a07a89372f90e854,1514
,,,,,,,,,,,55595f7266491408d80236f8e0650bde,1111
,,,,,,,,,,,bc5c136705ecd863376ac88101babe41,703
,,,,,,,,,,,c49ed4ddfddc0b171f38879049628cfa,656
,,,,,,,,,,,e84a48a856f20c4290923601a6d56b7c,1396
,,,,,,,,,,,a510395b587fe9163d0cb47e9d9ac407,812
,,,,,,,,,,,c5c4e055d1cb846064d4523a70c9493e,1050
,,,,,,,,,,,45d35c9962f4238f864275bbe365c227,2177
,,,,,,,,,,,9b2a5fe72df413c7628417e0a179ddf8,775
,,,,,,,,,,,a9cd42a1cac685e35cd21d7094af2903,1967
,,,,,,,,,,,3db075fec4724a404a3189dc65afa413,970
,,,,,,,,,,,3699f7a74e443f5b1f24ceb2b8fd93d5,4001
,,,,,,,,,,,5645767ec1b3e9d239efe540d27bb903,2316
,,,,,,,,,,,a50b8651652264e0b881f0f12514398a,3535
,,,,,,,,,,,476ee3c545bdc9f172ef6055a613b4fb,3564
,,,,,,,,,,,3a4bda95a2aad77b4cb786185f17bd23,2046
,,,,,,,,,,,c7c31090f1741332ada239a8d991e982,1908
,,,,,,,,,,,38585a0f0ccbc61fbbcf66d8046295f4,730
,,,,,,,,,,,f3f8a51ce1319140c1fc42f39e24a555,1349
,,,,,,,,,,,6851e7f8cf475ece89903d02a01e9072,743
,,,,,,,,,,,3d7a1b349f18b470106ce047beb97488,8142
,,,,,,,,,,,8a9606252a696398778fa608abf97f93,1376
,,,,,,,,,,,2d33b1657075f3ad8e9050f11163fc05,1939
,,,,,,,,,,,300ad69d174e0573f6324f9915684632,18983
,,,,,,,,,,,72e3c2ab43f96d62bc7132e697ba1a73,666
,,,,,,,,,,,5ee85196bfcecc16d6abdb641e852360,2745
,,,,,,,,,,,0c1c40d054e03e13d8281e07b6918e51,757
,,,,,,,,,,,fe8f899128bb12bd9e9899c495dd5b28,1179
,,,,,,,,,,,9be1ff1f14d401f105b5eb63912d4b9c,1451
,,,,,,,,,,,0ac1fb286ecf1c43f7fe967ca467dad7,1603
,,,,,,,,,,,e9f189476fd7735a5d8f4c0567a3b8f0,591
,,,,,,,,,,,6e37d524853c117aa3cd6739059386db,1528
,,,,,,,,,,,daad0dec0649e745bd921c9d1ea8c856,765
,,,,,,,,,,,b13e2f4437238cd0d0d6424e9eef1b10,691
,,,,,,,,,,,10f17e41f85f0dbef71dcdcc4f748af4,6253
,,,,,,,,,,,9bc1f6362949f58170c10ec866b827fe,1886
,,,,,,,,,,,7b02e6ae258269f0396322e3b5d41a91,734
,,,,,,,,,,,69764852ab533d0abe85703918a04b3c,3246
,,,,,,,,,,,2d1c9cd322bacf739506e7c4fad1baa5,2881
,,,,,,,,,,,1ea2b775245c0b4783f5d00c2837a4b4,2420
,,,,,,,,,,,3bd96d8ce079c9ddf4e56397f735d4d3,2399
,,,,,,,,,,,14e71dad848549061a56c774faa3db69,626
,,,,,,,,,,,7c42a62d44ca3be828fbf278b197be59,1174
,,,,,,,,,,,050fa8b422d24e5c65d434f83ce44d67,8774
,,,,,,,,,,,6d5efdb47131a3903293784e68157e2e,3761
,,,,,,,,,,,cab91613680a8753380688bfc57d161d,1925
,,,,,,,,,,,cf064fc7b265a1cfc7311d47f48f05d2,2102
,,,,,,,,,,,4b539b382660b28a3fd8be1d2ea04dc2,4568
,,,,,,,,,,,34a4ec8135e0ee3275360f1bc8bbe62b,2154
,,,,,,,,,,,5a4bdc28db6af23c2545e371c633c435,2028
,,,,,,,,,,,cff6ee697e36aee2bc6194d0d8d267f4,1955
,,,,,,,,,,,8a6ab1d593ca4cfded269d117a79438c,3446
,,,,,,,,,,,ec48f8819eba3e4b614bb10220a110aa,1451
,,,,,,,,,,,ee0a9c0bf6089cafc275ec2563de237f,784
,,,,,,,,,,,8b3492dec1c493eb7eca045361975eeb,1111
,,,,,,,,,,,1cb05124eb41fdfea3b091f014e33dd6,1225
,,,,,,,,,,,f4d0f996137898b77f2f8c3647102e8f,2021
,,,,,,,,,,,4a76d3fd55954ecbd9bf92577bebe581,1901
,,,,,,,,,,,a1841d4561258e0a0741d301590c83a9,1847
,,,,,,,,,,,a50ddb832e0b570d18c452f38d6ea232,1703
,,,,,,,,,,,e05eed5f0737cdb200eddb129221f3be,3833
,,,,,,,,,,,4d7cbbdaf32ba766773076433a87e608,2198
,,,,,,,,,,,bbb26bfd24a2a7d5463e19b702a1651c,832
,,,,,,,,,,,90da9975a1a1e1de3b0c6a6b2bdf4954,1446
,,,,,,,,,,,7739787efd53eebe1ce612aa2d60fad5,1871
,,,,,,,,,,,071b4685ca730180de4651044b1fc79f,774
,,,,,,,,,,,8c83192f873b0c6931602834c312de3c,1884
,,,,,,,,,,,70dca0134c46ace1adfc98ea93b319b5,1916
,,,,,,,,,,,fadc36e40ec7ed4ae4a8c6a6ed5281f1,741
,,,,,,,,,,,063989fe678d32534abb867026c53138,3663
,,,,,,,,,,,3b5e7998c451242ee4c69f178f349ea9,2286
,,,,,,,,,,,ba8d419cf758d138ba6e1ff9cf86a2a7,875
,,,,,,,,,,,d65fbd1df2111f65117928296f23420e,718
,,,,,,,,,,,f66e21041d36e5b6747654313a169ead,4301
,,,,,,,,,,,61860364990255823f00b463db8fc654,733
,,,,,,,,,,,0be02cfffb3cbf51d4254dfd5a61d40b,1835
,,,,,,,,,,,fd804322b7beb7797e4ac44819ae4b95,836
,,,,,,,,,,,9277084e4c9fe62036864b82cb02fc47,3640
,,,,,,,,,,,64478e2fd51b4882f23a46ab713a0406,2156
,,,,,,,,,,,749340f04fb4fd1dcf77ea51b58f25bb,1291
,,,,,,,,,,,577a41d16edddf082c93991cd3ab68b9,1589
,,,,,,,,,,,c78ae8cd5c1eaa50e6e435dac9a46ece,1261
,,,,,,,,,,,81f9a97ef9db38cdfdd3eb5fd031de46,838
,,,,,,,,,,,a1c9545a29cda8cfe5aec89c1e1e274b,1908
,,,,,,,,,,,3cee1884b3901c04f9681d1c7f52241d,8743
,,,,,,,,,,,15b6567abc6958758ba17b2cbd73e04c,802
,,,,,,,,,,,8a8abb892bb5804a06ab126d62c68600,1154
,,,,,,,,,,,7b96c845f6dfd07d706172e231152a87,3003
,,,,,,,,,,,65f6591a10eb7dffb195c6cc2408229d,2210
,,,,,,,,,,,8793edfc36cf2b92fcc4b9d94ebfd72a,971
,,,,,,,,,,,6ff5386850a4fcb428ac42eedc57343c,3105
,,,,,,,,,,,7b921b1d6a6b088bb564a9e689714b07,1868
,,,,,,,,,,,1faa77f965463c4ac3b72ccecdf6aabb,939
,,,,,,,,,,,742d57dca826b91ebb61c862c331fa6a,1298
,,,,,,,,,,,5f3e5d7c0f7320114806172c455925d9,2302
,,,,,,,,,,,9c609015dd46228462424f65de4283c1,3453
,,,,,,,,,,,7bbadbec9efdafec82f9ffdf710947ad,1191
,,,,,,,,,,,7d6d7534d765940f37392c6096c0d15d,3092
,,,,,,,,,,,9e67094326ce5bca6c02761c636ebcb4,1055
,,,,,,,,,,,83963e11610ec242f4f2dde6dc4d57b5,3188
,,,,,,,,,,,062e34cac4f12ad4cdfa511887c37b31,1230
,,,,,,,,,,,86e1fd9119aaa067a8733af48ffa4dfe,897
,,,,,,,,,,,17a623b11e8f305b1ba5d343c6cd5898,688
,,,,,,,,,,,93d0fe58dc83adadb418bfc6d492cbb0,1898
,,,,,,,,,,,b56d6ed7c71825381c1c367ed7029a74,1113
,,,,,,,,,,,0bb452d0a4e262cb4ec7929c5d397c36,769
,,,,,,,,,,,2ca42afb5f91bb85135d831d44ebf6f5,3240
,,,,,,,,,,,4a155ff9b33abbae76144f36f7264055,1516
,,,,,,,,,,,121a0d0aa2fda4421f4d0f331d7534b1,1705
,,,,,,,,,,,eb3bcdcdaf6fd132daadd44d7a77f246,761
,,,,,,,,,,,da9c91dcb8d5349897d9b25ec38e34c6,1146
,,,,,,,,,,,c1d9e97babe94dc4bd6d8707de978eb6,3743
,,,,,,,,,,,29a6bf5ec989e350c01535ef479186f7,1570
,,,,,,,,,,,36972c47ad21ce098a24bf447160717c,1133
,,,,,,,,,,,a18c9bee67730024ccbef20b3e69b4c3,872
,,,,,,,,,,,63bfc32a141c72db3c50530d651be8a0,2310
,,,,,,,,,,,d5ce828a90a7f57f2cfa0e3c51f3fa2b,3112
,,,,,,,,,,,fd6209b682ef3d82d2ea91b9a596a4b2,3674
,,,,,,,,,,,a8d3b143ae93b3abf773ccdbacabcff5,1122
,,,,,,,,,,,94d24d9f2fd5eadb9d20e4d2ec975e11,957
,,,,,,,,,,,a0fd3922d810652a25fc1f10c8138414,994
,,,,,,,,,,,9e8e7e9ca371c4c51a6ade8eb8285b08,1224
,,,,,,,,,,,a47b3f921f86f5f9529b4f80712c50f4,1439
,,,,,,,,,,,5dd3ad851072fa018aa896f4a107b368,2287
,,,,,,,,,,,59b2f26172a422146cc49df0f81bd932,1347
,,,,,,,,,,,dd999a47e6fab30f151ac3a2b0fc605f,1767
,,,,,,,,,,,995917a2fdd2a0f0070aa2ea3283df51,3699
,,,,,,,,,,,39ba7d61e948a2c140369732f39ee716,1763
,,,,,,,,,,,f55547ce848122e53dfd8ace3a069cda,3398
,,,,,,,,,,,a293999a4ce96b1b8522cfd7daf4330d,838
,,,,,,,,,,,605a304c210826301aebed3998aebb50,1396
,,,,,,,,,,,70b883f18a62021115c6f596423f0a28,3024
,,,,,,,,,,,bb959b2b15915e310e68f9fa775a69d1,3265
,,,,,,,,,,,691b77ab5c865999760fdebd76608558,2995
,,,,,,,,,,,692514760e73dea15d46ea88f55a3a54,4348
,,,,,,,,,,,bcdb30f9f6e9fcdc0f05f79c678e4921,2292
,,,,,,,,,,,18c7caf31fdb6ec690b1eeb0eff477d0,2158
,,,,,,,,,,,2f0b32cd6fb2c28e260fa56da0b780fb,1561
,,,,,,,,,,,7703f495b5d7b8a243eb5258a0e7a823,2556
,,,,,,,,,,,210744c746d6afb016bc3298573ae37c,2974
,,,,,,,,,,,546a7bf69f45efacc03349b574a1822b,1949
,,,,,,,,,,,4854ffd3dccbbe841e3059b3bdacc42f,2316
,,,,,,,,,,,4031e6b3820f17d6be5833395b3c864b,1071
,,,,,,,,,,,c0da830cda19f200c090f86041c01797,3101
,,,,,,,,,,,0c2e30934e6dcd7266821cffab050862,1113
,,,,,,,,,,,e50d1d41c5618e3639678af6e6b88de2,1178
,,,,,,,,,,,180a8d0b42f6002f604ba27782d96f63,858
,,,,,,,,,,,755a1753526b5a66dec4a657a331e506,3713
,,,,,,,,,,,a99b4b51edf914cfb8f193cca1f4f2d1,2479
,,,,,,,,,,,19a7f6ed7d38f25aa837615375083487,3677
,,,,,,,,,,,762ec23f5e7e7eef47f28bbd2a311778,1313
,,,,,,,,,,,6be87f0bd48d32606605a7b6886bce19,3302
,,,,,,,,,,,34de47adc02aa2eff5131237f4d58794,2971
,,,,,,,,,,,548510471389c35d8b0d0742a9a11db5,1095
,,,,,,,,,,,644266c1612f1efbeae8b3d6b2df144a,1342
,,,,,,,,,,,6590054001fe1e82d0326ec6c8e7252f,1749
,,,,,,,,,,,1966deb9947bff83b2e373e88386c691,812
,,,,,,,,,,,64dc79364f7e3ea7d8454544207a6f8c,1589
,,,,,,,,,,,f1a796350a5b68e82a8a5af582e15a07,2151
,,,,,,,,,,,bcd763eb954a2aa4769e7f9b890d6fa4,2189
,,,,,,,,,,,1fd192cc574ed3dc60900e8a7366698c,1801
,,,,,,,,,,,9ec468863f322d30bd6b0fc79d646c5b,3110
,,,,,,,,,,,1f169828e78e140bd0f06078b593d6b4,2969
,,,,,,,,,,,405fbb548736cbb558d3efc7344c0f2f,1096
,,,,,,,,,,,e022612acb1821c0757143a7347956ed,2744
,,,,,,,,,,,3e1b827bd6b0138bae43593552ccb4fd,2159
,,,,,,,,,,,471f7c02f5448c1fb2524d6ae388bde5,1740
,,,,,,,,,,,56dc5fc3641a2256a263190968c05a5d,2060
,,,,,,,,,,,3ef70820d42a3b01c82a690b34826363,3059
,,,,,,,,,,,9c6c5d387c0fe0f6258d702693d9350a,2333
,,,,,,,,,,,de5fd2589b588755fbaa07a34eb3d7bc,1269
,,,,,,,,,,,baef59f595055281050e5aefb0a888b8,3764
,,,,,,,,,,,005b25ceedde16f6197e4bb9c2a37950,1503
,,,,,,,,,,,cdd8b9c6af5deddbe3ba7f52ba8fff88,886
,,,,,,,,,,,b7546bf6698b0a421e007527a162c40d,1618
,,,,,,,,,,,e064cabbd61c6c17cf45973c950a33b0,1539
,,,,,,,,,,,92981d5c81958dbb7e73ca58799c3cf6,3165
,,,,,,,,,,,b755c485aa460a21c72fe2653ac403e9,1854
,,,,,,,,,,,1e0b2ffb0547b1304236c61ac5e82833,2085
,,,,,,,,,,,c3c8e2478f29f0cc265919cdee5feba9,2749
,,,,,,,,,,,bd0d6248a64beca51a2dade51b93998f,1325
,,,,,,,,,,,d5ff742079242b0ba1e01cd7506f2cad,3028
,,,,,,,,,,,a1dbb851321042191f08e274d1100f6b,1378
,,,,,,,,,,,c3ce76dcad484a769d51ed32dfd0d4d9,1081
,,,,,,,,,,,5c6faf4de9d1a236e0b1d4de11fb5693,2804
,,,,,,,,,,,b1150c7be66eb4c22db9b14815a7158c,890
,,,,,,,,,,,d3ac8ce7ec6b246113d98cfbfd88aeb2,3479
,,,,,,,,,,,3075a31d565b3e199c9d10a0e40e0c51,1026
,,,,,,,,,,,e26c6b187bc2b0772f6f06904150020f,3478
,,,,,,,,,,,44d87989f5763af82f7b11845570a492,1237
,,,,,,,,,,,4ef53b2821bda1f9147bc90ce0eba47f,1135
,,,,,,,,,,,4f1ce23067745007d798308c226cac78,2984
,,,,,,,,,,,c710eedcc17445da0e72814722ac7abc,916
,,,,,,,,,,,1e8c22d9a2ae72e7e6eba350da0a38ed,970
,,,,,,,,,,,d9d1bb1478c551acec6b252a1f8bba2c,2452
,,,,,,,,,,,5bf142a397aadd6a0e293cfd339281ea,1795
,,,,,,,,,,,1b9767338779a54152061ab6e113e2ac,962
,,,,,,,,,,,80e719b6a9b1574610327b6643787836,980
,,,,,,,,,,,43d07f3965a74de946dd8babd6fd1cf4,882
,,,,,,,,,,,9e192e02f1f128dce13a2705c4f4f08d,2162
,,,,,,,,,,,e0505e5dc2127905d75db70b8b55b389,2434
,,,,,,,,,,,72d90c09c67c0df7a4fa83caceb39129,1008
,,,,,,,,,,,e8a3c2118af33f9908873c2d89ca9325,1852
,,,,,,,,,,,4f56b6901e6eb6a808d4ef5eb051c0b6,1438
,,,,,,,,,,,00d2371aeb11f717d0d696b9c5591aa2,1427
,,,,,,,,,,,b4ab7c27ed59a23acb03f015798afd61,1088
,,,,,,,,,,,faf3f3c7350eb64dd136780056dab632,995
,,,,,,,,,,,8d1df871111502c346f4659cc4273156,1758
,,,,,,,,,,,ed4fa6e19beb8295581db3774d1d948a,1998
,,,,,,,,,,,983bcb86cdf9aa98c56a514dbaa9b1e3,986
,,,,,,,,,,,4e9c945bb7df13c32b8bfa33eb077d0d,1861
,,,,,,,,,,,7417086197f9b13d0c901aa5561cad0e,1119
,,,,,,,,,,,8d279b12379bdcd86f6b0d444f197400,923
,,,,,,,,,,,ba0fe78c00d5c9dc14f615932942997f,2080
,,,,,,,,,,,585559674457d3d96a1aa20ba01293c1,1410
,,,,,,,,,,,e35a7b42be1aafe5ab3c7c77e498c024,990
,,,,,,,,,,,7644fc847caae2e3127e9b38e7e83e3e,1153
,,,,,,,,,,,8adc20bdd4048fd51b27b942a1d1746f,1123
,,,,,,,,,,,c67ef4aa2aebb76038436f62b060396f,3009
,,,,,,,,,,,a79e65e3069c5c5b0d72038812446344,1735
,,,,,,,,,,,c9815ca59eddb6ca7fb08df7fb64b2e9,1823
,,,,,,,,,,,4dd8de4d981865870b17157c635ccc62,3036
,,,,,,,,,,,a67d67634909162bdc19287f8bf96f5f,2358
,,,,,,,,,,,18d82f1dbebda9537fa4cd39b124f774,888
,,,,,,,,,,,c93a322cb592ac3fe1eaa1f2ba6a67a7,1110
,,,,,,,,,,,c8b48302398a18b4d780d11b1e9075be,1043
,,,,,,,,,,,fe0a4a40c9b1846c0a9192285c8a925e,2897
,,,,,,,,,,,78919f795568ccb7bb444f848326e34e,1957
,,,,,,,,,,,481c155a9f0b1e9cac84d6b9493bc6a3,2936
,,,,,,,,,,,49583aea80a28bc41d070846c63ed870,2919
,,,,,,,,,,,6eb7f8b7107fc08b6c9ae59f3c64516c,1506
,,,,,,,,,,,51d65424dfeab9b27421be47a6443fa5,1122
,,,,,,,,,,,47a5494728e3a3503b991954a19815de,1586
,,,,,,,,,,,129fae0fecc603489e0303c3796d06a9,1340
,,,,,,,,,,,11de80aa54a9e8fee2537e137aa0ef90,1482
,,,,,,,,,,,ab9b22bc0ecd798da3ad80cf0929c068,920
,,,,,,,,,,,57d0dc414ee7fcb86ba19565370c1d28,937
,,,,,,,,,,,e3ce00728ec2b272814342b66fc95531,1772
,,,,,,,,,,,e7ce3c0ec28efd4a2a59567dedee3acf,2138
,,,,,,,,,,,3e4e1722cb5bb0af4c18cbcdd9e87b9e,1469
,,,,,,,,,,,78761f6cc18cf0304ff614e1b2ad55dc,1075
,,,,,,,,,,,5158687c42e0caff404a76d2f264d23a,2035
,,,,,,,,,,,d848e7c51c6840f1e364c697022c31e1,1383
,,,,,,,,,,,9ea5e113e8ac48012df34c9a53487af4,500
,,,,,,,,,,,1f2bf8d308a34f3965c48463adca8369,2913
,,,,,,,,,,,cdf15d00e06fc0d9671de9fba580bc91,1268
,,,,,,,,,,,37c7c656fbdd616d0fd0afbc2dd875ba,2320
,,,,,,,,,,,5ed9c2e7f15ed850be492ad91b757c55,1828
,,,,,,,,,,,45d2d2824d50846b89602252389c24dc,1120
,,,,,,,,,,,1d555fbfee1e51ee44cf4b5e8b23492d,582
,,,,,,,,,,,5a8db54441eff808524ef1c5917dc671,643
,,,,,,,,,,,7e9ad05f66663b8670ea7a169da7cd59,17842
,,,,,,,,,,,a43ca083e34e86f368a961462e3cc428,3218
,,,,,,,,,,,270e792274be3b71bd2f5f86ad718021,1485
,,,,,,,,,,,eb71cbe4239bc863fe307ca3cda68a04,1317
,,,,,,,,,,,4170bec68f0a099869200c83713ffdc2,1169
,,,,,,,,,,,43fb241bd056df120d8b40cff6747102,3528
,,,,,,,,,,,d3b4611b797456ed61961cf55de1a4f4,3728
,,,,,,,,,,,a4bb443fa20005b0d0a4ea45c5c67e2a,1723
,,,,,,,,,,,f84292c7e3f73d757b340d8ac6b7724b,3016
,,,,,,,,,,,d30c7af8dae21ba926c2791bbd8934ca,2909
,,,,,,,,,,,a421be377ea7166e4ca20eff09cc9df5,1959
,,,,,,,,,,,f00b49b522022477aa98b89e86e78966,2178
,,,,,,,,,,,6475e19f59ebe3fbc9f1eebda6629326,3547
,,,,,,,,,,,a6a3812330d149ea8bd43354f5356a9b,7897
,,,,,,,,,,,d6302afa449f1097a8a8d9096f000a12,935
,,,,,,,,,,,9c3fc0a8f299f4cd3098e607cadde5fa,550
,,,,,,,,,,,fdcf73e83121c0b7a77d5b7016802768,2714
,,,,,,,,,,,c65ed6c65b5a9c2338bd573269442838,647
,,,,,,,,,,,e50722bc8ce9eda33da37da4800296e9,964
,,,,,,,,,,,2c81c3dd34831a51ec338669e1367691,1069
,,,,,,,,,,,1289bfc522452585b651081b5c8b50b1,856
,,,,,,,,,,,389e0848a91ccd42ed249a65bb6daab7,1099
,,,,,,,,,,,422827666a489dfbf013dd7732f5a2e4,1727
,,,,,,,,,,,e794e9b1c88a287fd4e50379698f04d8,2368
,,,,,,,,,,,8296a3f90e64e06fc245531ba6ed147f,584
,,,,,,,,,,,a4055ed6999e5f898b443271e38be3dd,1071
,,,,,,,,,,,8dc389e35667fc7d7e0d0e2b79eb4219,1883
,,,,,,,,,,,dbc89f03a28f0e9f51d31833bfa4c310,845
,,,,,,,,,,,dabb2bf66e78998660b3945f89077f97,889
,,,,,,,,,,,6e965e56a666ebc0887b3f9bc95c9237,2766
,,,,,,,,,,,f3f0dcababf35b8b3a7ac92f981c5cc2,596
,,,,,,,,,,,791bf45bb242c64dae5d60df651b88f3,3009
,,,,,,,,,,,4813944003b0c5b6c7eee770bb62a0fa,1099
,,,,,,,,,,,f9409eec0e57d9295f8938a23e228a7c,254
,,,,,,,,,,,33f24534e7ba2bdf5124028230af8730,1609
,,,,,,,,,,,ed1a58fcd4f630e568cffdc3d5ae6171,2926
,,,,,,,,,,,19168ea87156fb85e199ea949e7701ef,2349
,,,,,,,,,,,52d7486ef590d2cab8025da14daf5f51,829
,,,,,,,,,,,cc81786680968a8e57b3638db3b9d582,860
,,,,,,,,,,,da90a4601e46a184b5681b18a5a46d98,2795
,,,,,,,,,,,ef98fc9a8238a309f3988492714c545c,1833
,,,,,,,,,,,6f2193ec00611e8cfc5685ee1df072fd,1767
,,,,,,,,,,,b9f40f2aea3f5f70b8012f68193539c2,1999
,,,,,,,,,,,906caf4eb6641e105de68dc0012d2958,1626
,,,,,,,,,,,35961ef82f4d4c2f9583ef37cbffe47e,924
,,,,,,,,,,,e1d02c8a9273819f98099a56f090fc77,836
,,,,,,,,,,,f183a9cf6fd98dc877c4be089d09967d,2989
,,,,,,,,,,,0721bbd0b4d9d5b447d55a71b14e22dd,2162
,,,,,,,,,,,851f54fb0bb9cf752abc4f614c43d1a0,1776
,,,,,,,,,,,390b014c0bdc48c250a4b92c4df7e66d,4084
,,,,,,,,,,,2d23e3f6f88acf131cff23e8c825ca2b,437
,,,,,,,,,,,6d2e4b3c2bde77dbdc043ba54a5c1040,3644
,,,,,,,,,,,b745481fc6877da965a7eac5c31a4345,993
,,,,,,,,,,,627757f0752659aad2ea0243c69eb885,1719
,,,,,,,,,,,7b77f8f314bb2d6bfbabec61473d7201,1687
,,,,,,,,,,,e91648473f6c35ca78e647c5e1595956,1091
,,,,,,,,,,,da416539cbc5ea9f9dad476aa2c8262e,1388
,,,,,,,,,,,337dfd11471ee706b23095578c6b0c60,1071
,,,,,,,,,,,fd4c3a584d6bd2367681d9b9ec826e5c,1578
,,,,,,,,,,,c8fb666a0c0a6956b70ddbb9bbffc9bc,1435
,,,,,,,,,,,635347536591eb1cc920fa9b09621807,1055
,,,,,,,,,,,0b14e33bf5c266f402cb7d480f9634bc,795
,,,,,,,,,,,e27bce505226767aedb212728d17ffac,1600
,,,,,,,,,,,75e23ffe214e0546223039d7330c8a3b,943
,,,,,,,,,,,9b37ab67b167ace67849498fd5df119b,1842
,,,,,,,,,,,7cabfad032abc54b9099953367033c3c,1025
,,,,,,,,,,,9e79df2bbd0f03e851a71fb3d110db10,3081
,,,,,,,,,,,aefab208b7b3a942d65d6682546fc350,1645
,,,,,,,,,,,b8488b849d33ac3a589f888e44757860,883
,,,,,,,,,,,73f59ff06aa164bdf120bc2bd1efde2d,1753
,,,,,,,,,,,1d73fe0dbae6282d9976afcb98de2ede,3079
,,,,,,,,,,,fa1b21970bd3bc1e9f0620f8249bac2e,2792
,,,,,,,,,,,542a1f24a078414fc00ff1d15b25e411,938
,,,,,,,,,,,0346126aa1307025e44436e7ff4e3d72,924
,,,,,,,,,,,46df8a48173f11aeb28588f6a04d0634,585
,,,,,,,,,,,c17cf1d45f2e940bd262a78ba5ec41b2,3540
,,,,,,,,,,,ce59f2aae3e805421e1c6ebfbc55777a,1132
,,,,,,,,,,,ed44d2a5ce313696139f47648071972a,1018
,,,,,,,,,,,b5a7da15b44a0b4492228ec12bb6d70d,3289
,,,,,,,,,,,586a0d207aad7bfcb431c1e4d50339ee,3009
,,,,,,,,,,,5e497434fe4d6b644e59b43cf67a84b2,1794
,,,,,,,,,,,db40244fc87f937d6a57c2503505a9f6,1163
,,,,,,,,,,,bbdcb64d5afbfe306770952924142659,1351
,,,,,,,,,,,e80d49e9bbec5a09bf4c714919492197,1114
,,,,,,,,,,,c97cd9ec2a79ca1a26365d4be09cfd0f,642
,,,,,,,,,,,e54c89b178c3dfa91c96d74ed35fb9fe,936
,,,,,,,,,,,62022dc52907c79e2b184fe7b3d5439e,942
,,,,,,,,,,,406e64c9f245ea0c8fd993d58abe8c38,2275
,,,,,,,,,,,e130cd26fa6b4810eb1b882b41e4f1ed,1801
,,,,,,,,,,,e495876dd3cf48235df44a51925323af,1447
,,,,,,,,,,,198442e12d3e79805f30a5e7ac7b09bb,1917
,,,,,,,,,,,48442d72a32fcddc0435603f6d86b541,1005
,,,,,,,,,,,7a6d31e63a71d85285563023e14f1312,979
,,,,,,,,,,,fac3d57c0584161a2523fc9e32c24f28,775
,,,,,,,,,,,58420463b41b2c6b0db7234380bfd3e6,826
,,,,,,,,,,,0befbd422db2d7db54602f004f49352f,554
,,,,,,,,,,,575987eb72c77b19686548822f87147b,1586
,,,,,,,,,,,2099c651867d13c4849aba8191df7438,1888
,,,,,,,,,,,14b2b4e58266a868ca97c9d8af1e5222,1708
,,,,,,,,,,,4640553c2b38cf9e2baf611f479e7444,3562
,,,,,,,,,,,782447175caf22526aab1064d5f4f36e,1108
,,,,,,,,,,,483ffbdae91edb20e75b0d7593ca80e3,1071
,,,,,,,,,,,b10b48a9c16c00444711118777baeaf0,2042
,,,,,,,,,,,1963acfa8c10950807ced20d00e0686a,1242
,,,,,,,,,,,8da61c1e11e92bb15a6934da140faa60,1834
,,,,,,,,,,,2056da2fde3d060d110ad3d8b5a799df,1013
,,,,,,,,,,,381cd61272e2ef6bbdc0b8249db8dc9a,3081
,,,,,,,,,,,5a90968963c0a52dfc2f5a336dfa1fb8,1261
,,,,,,,,,,,1edb910fb78b5470453bc3e4f198df9d,630
,,,,,,,,,,,9cd04540a073c6f2e75b20712b92b089,2269
,,,,,,,,,,,a33e28c9dbc5a45cdfa1df050650f02f,2911
,,,,,,,,,,,29f4bb7aac3acaf57ac0ee77732f43e5,966
,,,,,,,,,,,ff90d681cfbf73d5cb026f91d50987e9,3391
,,,,,,,,,,,eaa10e9653d75d5bf533eb3266e46722,1679
,,,,,,,,,,,a04c880e345470eaabe83acef2f45a2c,1832
,,,,,,,,,,,57aa144d3efb1ae9954f5b212f0b1d49,2218
,,,,,,,,,,,48ca4f2b9a3e59b8126c7b0ccb699239,1750
,,,,,,,,,,,d3ed6cfc8b5020f6669abcd9f637fbd8,3330
,,,,,,,,,,,e06d896ab3ad22ac3e01562b62bbcb87,2278
,,,,,,,,,,,c581f18e612349673d5a421c34275c13,2706
,,,,,,,,,,,50964a22587b7285d4b68a2c9865cf08,1053
,,,,,,,,,,,3aa3ab7fa16a55760b6153a62d92afc3,1033
,,,,,,,,,,,7e88ac6ae3ff9c53310623b1710e0365,2658
,,,,,,,,,,,fe1cb4d51c8fcc92e676f243dfdd2245,1060
,,,,,,,,,,,9bf0fb2c2e61da09feaf02c18fe33797,2063
,,,,,,,,,,,6996b8b569e0e113564a1f6744685511,1773
,,,,,,,,,,,1e0ca55dd31535125987d8d99cd7921d,323
,,,,,,,,,,,23a2c2f4a8b84b2cbd7603564a6d655c,13264
,,,,,,,,,,,284cfa816bd10d1d493b15a029b5cbf3,2980
,,,,,,,,,,,97b9d197e92f7c391f17080c527acb90,2329
,,,,,,,,,,,fac5247215c55989082176ba4785fdf7,7495
,,,,,,,,,,,1fb7c7e555b59e41c57a59cf7e121f22,1147
,,,,,,,,,,,ca41e691da4372644c82723777d8b0c5,1073
,,,,,,,,,,,c5af88d824004b00233a071324bcf615,1084
,,,,,,,,,,,e521afeba6ab7520908828c4fca57c1c,2848
,,,,,,,,,,,894fa9a74b1ee9afdd915341b45dc902,2965
,,,,,,,,,,,53731e44cf19740373c17a35f237e7f6,1878
,,,,,,,,,,,6fe876c3af3f92826090c0f4fb53e660,1376
,,,,,,,,,,,65ae55c606f0f01c28454d129bb1a6c1,943
,,,,,,,,,,,9afc29579f29d8d9a374975b944b1ab1,1755
,,,,,,,,,,,18e33dae877f2ad278ecd84703485853,1101
,,,,,,,,,,,9a10c2d332b146de1e8bfb01f3378767,1827
,,,,,,,,,,,130bd9c477c1bd294f999bad80c30e97,2909
,,,,,,,,,,,65a28eefcacc0dc94276a6372c30a341,868
,,,,,,,,,,,6211619ad071f7e2ee270ee0aff49a14,1947
,,,,,,,,,,,8c72d27800d9d9b583093793a3c675f6,1244
,,,,,,,,,,,0426c752a6499451ff3ab441873c6187,2135
,,,,,,,,,,,50f4326d4fafcc8bbf968f69bc5f494b,3328
,,,,,,,,,,,c0da9c7ed251564dfe83ed7153c688da,2714
,,,,,,,,,,,544077075a07d511ede737de638544db,1267
,,,,,,,,,,,5ed20b162309bba591559924f87ddaad,911
,,,,,,,,,,,55a7a9512d642fca41aa69e5385d3c2e,1288
,,,,,,,,,,,97e1f028657b21904b3c974e42b14750,1714
,,,,,,,,,,,2c328beea2fc1044c5c5c737e237241d,2080
,,,,,,,,,,,fe490b4198984f04081b27c7e75dbb94,2864
,,,,,,,,,,,0538646bcb850549dd744b13543828ad,2870
,,,,,,,,,,,7121d27131def22bcb926ae77497c4c4,2101
,,,,,,,,,,,e02366daeaf7b71cedcec36dcfeb8d7b,2842
,,,,,,,,,,,ae235aabd71c88cca02354a5114752fe,3285
,,,,,,,,,,,01f99c27bd843615f63884ba7fff02c7,2586
,,,,,,,,,,,ffe62f4891f38b34661f33ec1beb6735,1884
,,,,,,,,,,,71774b81966cbb01c8e41b4f73abc364,2126
,,,,,,,,,,,76dcb164bf5dc1ac7352b93472bbc0e0,1312
,,,,,,,,,,,00cf1fdf6102d4ffce954ec0c14cea37,2685
,,,,,,,,,,,c511867dc5c9660a8bfc14843eac6f22,1442
,,,,,,,,,,,6e83ab15bc485856b7bac12fe0c213e3,1724
,,,,,,,,,,,d4fe2b5b4ab42e8a7027b16020d6f3f0,2017
,,,,,,,,,,,a30af6f763c1aafdb8790512dee9d9d7,1777
,,,,,,,,,,,782439357e2b0d9af56a4c76655b338f,1029
,,,,,,,,,,,eded437bf3910b0e95a73749d4f7a068,824
,,,,,,,,,,,d47b70b17ca284575abd81d3747d0a7c,1657
,,,,,,,,,,,ec42f7bd3821e06e4419768563a8de52,2340
,,,,,,,,,,,a066ea60427265319397b5101d6c715e,1696
,,,,,,,,,,,7b3f289a2ad8fc2e0433b44a19140e6a,1002
,,,,,,,,,,,c42c31f809813a0070dfb195f8898e4c,2838
,,,,,,,,,,,a42e89a9886c403e844c9c63af70b437,1428
,,,,,,,,,,,d6c18d8d219edee63b6958f6e4c45c3f,1710
,,,,,,,,,,,05f8733a3b116d8933f843027eaa8797,2789
,,,,,,,,,,,7d46303434760c5c70bfdc15d0c80f67,2905
,,,,,,,,,,,8a0ad1c9c303b7f23264914796038a00,1287
,,,,,,,,,,,f7424c71dad078e674fea93ddd2af763,1241
,,,,,,,,,,,182de5feba3335953c40efb2e1a8fa16,934
,,,,,,,,,,,4a3505f463795c3a454346a0cd5d5466,2857
,,,,,,,,,,,961fc11ee5505d19eb98df3169245c8a,2749
,,,,,,,,,,,66e9bb6f87b9b990d5092e7d7634ac5e,985
,,,,,,,,,,,acf0e0cebe336b4ac82b3ed9ff351261,2682
,,,,,,,,,,,1f6464e5e84d9a0ce023af7672cf2ce0,3400
,,,,,,,,,,,527f3118bf36cb7bb5331eba3e31936c,3504
,,,,,,,,,,,a98f74f457d77563d80396176a30d884,2809
,,,,,,,,,,,2200f14c59a787f5bc7f545e53289803,1045
,,,,,,,,,,,381894afcf2f9d848bfde5e4dfb91f0b,2111
,,,,,,,,,,,0a283cc41b913726c2fdf67df42aeb06,325
,,,,,,,,,,,ecdb555393453246068d7a89196d68cb,1605
,,,,,,,,,,,8ecc42bd994cc9bfff78de27ea1924d7,2780
,,,,,,,,,,,4b65a9d94d77a56167e0228463ccfceb,2835
,,,,,,,,,,,40f9df27aa553ee9303c57cd07433f41,1050
,,,,,,,,,,,06b430dd4318ccec501ad0bab38caa7f,2854
,,,,,,,,,,,3c0f5d8e4d5cf33beede3e3cb4f085ba,900
,,,,,,,,,,,6cb34baf7754315b799dedd129479a5c,1025
,,,,,,,,,,,387705386329111782bd9c95232c79e3,18774
,,,,,,,,,,,40b047d435d2864c1e1b0c8cd87f7c69,2834
,,,,,,,,,,,d90c5b026f5cd807eaed794a66bdc704,1241
,,,,,,,,,,,7465209fea8ff62b752ff51eefd72dd4,1595
,,,,,,,,,,,63c890f5b017ddc64ee632e7f50414e4,999
,,,,,,,,,,,fa63fcfb45c2d340cc0fdc129196c6b8,2660
,,,,,,,,,,,7048a8734c16a37424a7b94840236de1,2915
,,,,,,,,,,,4d7354631ea92fcf68a8168a3284f342,1108
,,,,,,,,,,,79937990f17fbd0407a3e3c06f057880,2786
,,,,,,,,,,,37850cbbbdb07a421c057d459554400c,2818
,,,,,,,,,,,7355b146125b472afa70551b2e2100ec,997
,,,,,,,,,,,835374898bcd21b4b867b7a04fcbcd80,3443
,,,,,,,,,,,717b26fb35f5467fa24dc6b629c71937,1029
,,,,,,,,,,,cf1f2fc8dd0136b0519be97571bb6712,1630
,,,,,,,,,,,6fa8f896466018b80a83a168dbc35c2d,1658
,,,,,,,,,,,82a07e6ce7b2e687a85adbdb42ec5fb0,2208
,,,,,,,,,,,37677457aa3dd6c326280800e649621a,2320
,,,,,,,,,,,2534e23d2d1357534188840715c983a0,1699
,,,,,,,,,,,d08474d5e9ddef18cf4fa8713722360f,2936
,,,,,,,,,,,7278be5a1e037d606655a8bdfaefa674,981
,,,,,,,,,,,490b19676ad15635ee9cca19bdff6e7e,1067
,,,,,,,,,,,debb629de2bbd542efc0b8af450807ab,2147
,,,,,,,,,,,d1102e68bd85fb3502ba748604383d8e,2861
,,,,,,,,,,,2eacf8a198cb98c52f123be992a92f0c,799
,,,,,,,,,,,7b72e4bafda99c4e98d3eed6f09c2ff7,1958
,,,,,,,,,,,6894a453350c5c338df6c90aab9891a3,1057
,,,,,,,,,,,e75b3927426252381a51632540791577,1316
,,,,,,,,,,,543f9fa2130988268ce97665c144cc4f,1060
,,,,,,,,,,,bbc5f695b203593c83463870d6ff4ba8,2113
,,,,,,,,,,,6d19332561a8352d9afdc187d1d853a2,1406
,,,,,,,,,,,35b0e5188094d0f2e2700e542f4369f8,2836
,,,,,,,,,,,5e5593d72b341d08a0bc95408a688b68,1707
,,,,,,,,,,,6bc49a825e654a2d8e72bd1f8cedcf97,983
,,,,,,,,,,,e77f728f5959d3d66ec2f58ab665a452,1034
,,,,,,,,,,,1f64fa79d8305fa7493d6adcd0b3a15c,1010
,,,,,,,,,,,dddabdcf1cdaf634063526eefbaac770,2234
,,,,,,,,,,,5121c046a12761b3fad360e5b7e27e5d,2753
,,,,,,,,,,,9bd81aa114b76b02f13998accf01ed2d,2418
,,,,,,,,,,,701654969d1a23fbc73f34b983fb0750,1041
,,,,,,,,,,,792f0eac49d6583c2cb56f34be312e4c,1014
,,,,,,,,,,,fde6ac2b5488af43a8c0e0e0a31774a2,989
,,,,,,,,,,,96dd2f35965751310e8d357942c586d9,2728
,,,,,,,,,,,1622b386204f8d9f8a51bef2f3609412,2195
,,,,,,,,,,,211b5d89dadcff929af4a5986eda5605,2783
,,,,,,,,,,,7d45eedb7448384152edf5b8200d2f09,2787
,,,,,,,,,,,91187f0eaa2d89ce1f061810155b802b,1342
,,,,,,,,,,,373d08e4c94238711a6f70026015f159,1115
,,,,,,,,,,,84d1e66eabe8fe7ab784e1c218976827,2814
,,,,,,,,,,,db3ac9fa321d5c543bb680e87c66b1e9,1510
,,,,,,,,,,,96d8f6359d1e97d50c523c619cbfa649,962
,,,,,,,,,,,fe71d3a809bd938f595d1a6786930c92,2092
,,,,,,,,,,,fc06813d87e532a1bfc75ced8594758c,1299
,,,,,,,,,,,8f484bf2851eff621a1080c06d248866,2760
,,,,,,,,,,,94198a808c835425a306243e15f488d3,1680
,,,,,,,,,,,32335ab6461a144dd94f33a29af0dc7b,1702
,,,,,,,,,,,eb4cd3fd35e0ad37b8e55cbe7459c29e,3455
,,,,,,,,,,,299d0f1e52c56598a22c5b1f93db5875,2782
,,,,,,,,,,,0b0576a5901d6aa5411e925f5c156c5f,6506
,,,,,,,,,,,65ea8cf8ad6b9bd43a713ceae6fb701e,1430
,,,,,,,,,,,f0d2ea4fd803a5488857df0d72b618ee,2806
,,,,,,,,,,,1c728c2b7e7ee850ef393cbf64b6dae8,2648
,,,,,,,,,,,be1ace0765361dceab882b47f2e07096,1605
,,,,,,,,,,,2468d8634fb90b7b802727bc0b1f07d4,2676
,,,,,,,,,,,f81dabe787d988dadab74c3c4b655c25,2790
,,,,,,,,,,,382593676a145dcbf3d543fa72f37e89,1389
,,,,,,,,,,,d1cc6add000ff567c7157d394976963b,286
,,,,,,,,,,,8efc80980fb886e450c88f25c51004e7,2661
,,,,,,,,,,,0b961b645a71454d50a4f9e368402dea,1563
,,,,,,,,,,,1e0a1ff63d685365be4a24c151af6599,970
,,,,,,,,,,,f2fa41637cc668cc479f1a1f44e43564,1387
,,,,,,,,,,,85534df98cbde1db4be8d9260aefbc3a,1694
,,,,,,,,,,,5f079836bc926f9b7ab91f62de65569b,1612
,,,,,,,,,,,87c3641e3a5c41d76db20ddfcf88aa89,1020
,,,,,,,,,,,326c397a742d9a059d639b5217f0e552,2797
,,,,,,,,,,,c4ff89e5d3b3c30afe12ff6fba5cdb5b,1068
,,,,,,,,,,,f5872d8eb442fe29c01007e8d7ba3cd7,992
,,,,,,,,,,,53cc666d8be4224197c094d0bda689ab,1652
,,,,,,,,,,,b657322a104a8ec03066084ee38b584a,2127
,,,,,,,,,,,9703dd007b23aad2c9c723e4779291d7,2975
,,,,,,,,,,,291cca1c75659beef323a44cb612c792,2745
,,,,,,,,,,,b2b3e227bc591345f2fae2e86a4c386c,1749
,,,,,,,,,,,ed4a4539fed8e6ee0016de45060bd921,1221
,,,,,,,,,,,5ca5498f3bfdf1b768467d7d68e9a649,2786
,,,,,,,,,,,ac89cd45bc22e53ff56d919503b0eb56,2758
,,,,,,,,,,,e888caa68fb8ebcc28c82b84f8690b3f,1960
,,,,,,,,,,,f550108e6b51ed041c43d2bf0ded3f5b,1675
,,,,,,,,,,,5f7b33e0af57a4d81c47c7ff3b023123,2621
,,,,,,,,,,,909afcd45b945cc45bb64be4fb1bc4a6,2793
,,,,,,,,,,,8d969f28b39e21670ab031a60b74c871,943
,,,,,,,,,,,9e67bb2f5f858a9082329921e7ae0606,2620
,,,,,,,,,,,27991e33326689cb89b16ed4c45a24ee,1023
,,,,,,,,,,,c25226189da6e36227918e8c695b4093,912
,,,,,,,,,,,439774fcd8f618704f73899bb8d0d6c3,1724
,,,,,,,,,,,f946991751a0b4acf0f2755eca3cf434,2494
,,,,,,,,,,,eee06f5badb452c60af6edeeb5b46849,1269
,,,,,,,,,,,d12739ef2e696dfbe617e6262be63379,1267
,,,,,,,,,,,c7ac7c1c81d8619c8c0b6f5e2b23490c,2559
,,,,,,,,,,,0295246946e3ea4df583f181d684230e,1162
,,,,,,,,,,,55535d6d77358392461c2f236d0bbd39,2922
,,,,,,,,,,,79ca7a1b96c685bc45f586bc6733f9fd,1656
,,,,,,,,,,,31080f28cba653722199235064c821ca,1022
,,,,,,,,,,,d9db339d2152d5d391697f33e72d43c8,1632
,,,,,,,,,,,d4e34dc059ef581db54adfed7e35dd09,1652
,,,,,,,,,,,626f653b3903c917283753f3b706fdc4,1618
,,,,,,,,,,,bd6145b7b2a5549afd166d67f749e9a2,2904
,,,,,,,,,,,2647376a7d569f4b0a33871fbede9044,1542
,,,,,,,,,,,901eb6326dc3af865f9953b01a48388f,2856
,,,,,,,,,,,0522f98aa0b17be727ee3db226ce7c2d,1163
,,,,,,,,,,,f7a1da2bdcb00fe1654a8b39762fb242,1613
,,,,,,,,,,,37c6e1607a2c40bf1fbc855d95d4d01d,980
,,,,,,,,,,,99bed611a5dda819f9963f39d63d8096,3167
,,,,,,,,,,,2f799fdc09f9bd034ef44505a99b5094,2782
,,,,,,,,,,,ce299bf2493e9c8f15813914eb4266b0,3321
,,,,,,,,,,,50aa66191a07caca32244963ebd8983e,971
,,,,,,,,,,,ec45433add6833b3ccc37ac146bf8fc0,2487
,,,,,,,,,,,961f864c8719f7a4f982815813a79479,2683
,,,,,,,,,,,b65e92011a2ed326af1613ee4462cf45,1274
,,,,,,,,,,,815f990568efd0b3175a5515974e1d06,2416
,,,,,,,,,,,8f85a7bb7274a6b28a94eb679ff53ce7,903
,,,,,,,,,,,f98b47ee24ec6849b4e67b84656078f3,2825
,,,,,,,,,,,d58419ef3304f8f39bd43e3db4e830b1,1428
,,,,,,,,,,,b10bf6b84bdd8ea2fa781ee161b080b2,688
,,,,,,,,,,,73f64edcd288882101755ae14704cead,1891
,,,,,,,,,,,90ec56fac29eff2e9d4fc0312bfc1000,3398
,,,,,,,,,,,1100dcbb43df17200da370cecb6253d4,2073
,,,,,,,,,,,298c7c20054e79d446aa6b8e129d4991,956
,,,,,,,,,,,a1a100caa4b31a8eace24a057c1ecef7,917
,,,,,,,,,,,5e709beeadcf1418b24a69b85a5e997c,941
,,,,,,,,,,,aa8356745cf9121b14f3a1a0573a0329,1554
,,,,,,,,,,,4d2f9f419c0b8a9a9bfeba2e0b77129b,943
,,,,,,,,,,,8ac8ba91d4fa8e10cad56ab147dc7a8a,1245
,,,,,,,,,,,03091fe1073002b8f50b72ff44d527f7,2528
,,,,,,,,,,,b29341f8b0ab59f3a86c7499444eb3ff,896
,,,,,,,,,,,761d37c715c88a079a2c55322ac2d8d6,1904
,,,,,,,,,,,f827aff3c48ef2d0e643d8047a5a61cd,2195
,,,,,,,,,,,c06c0f23446a1a1dce004704b99a3dcb,1052
,,,,,,,,,,,5841fc251f0ab4f2152f11046193c214,2595
,,,,,,,,,,,e6de0e3e39d960ece4f175ab5bbb9f3c,1641
,,,,,,,,,,,a8232d3d695925a908d692e29b22c8e9,1040
,,,,,,,,,,,d92a61a3cb5c2edd0d2da5c57d7df509,299
,,,,,,,,,,,5fd403f35ff03cd10783d402db4112a6,1026
,,,,,,,,,,,f995fb98be8bd738ec67698f9672687e,2782
,,,,,,,,,,,f9471295cb638eb6d289b8aa5fc96c68,2800
,,,,,,,,,,,220e336a357e34ffdc9566d530a26e0d,2637
,,,,,,,,,,,40cd382b08e886eac532b75b7ec0620c,1594
,,,,,,,,,,,a9228dfb879d70a09d57603ec7854e71,1635
,,,,,,,,,,,6dfba627ee0daf5c96ec392d62109f41,2436
,,,,,,,,,,,f71c176b91489a5947266951e4c98a39,2631
,,,,,,,,,,,7e445bf88a357b33e8f0fab149b53de5,984
,,,,,,,,,,,df94c512afc4502182b1953391b0f299,2762
,,,,,,,,,,,6a6b8e50d4a1e609d384e17110ddcee8,1577
,,,,,,,,,,,59e9fdf30d4b0aca093a3ec701cdcf65,1189
,,,,,,,,,,,04bf291cfc82e1c3af83f73632c5127d,1672
,,,,,,,,,,,08ad0e6357923d140cf8fc8863b2c0c6,2623
,,,,,,,,,,,8f8e7426fcc8587278bab7a5a9eb0921,1335
,,,,,,,,,,,3f2c7898b543769ebd8045da58c95bc6,1657
,,,,,,,,,,,e6b7059e8e62391bcda981477056a147,2736
,,,,,,,,,,,ce96a60005892e2e0a4ac224fdd401b4,2028
,,,,,,,,,,,a0d849709ecdeaa68411398989add824,2772
,,,,,,,,,,,9edae40644ce0c7a737649fbf5d845ff,1520
,,,,,,,,,,,71bb8240ba93ac9063903a2249f342b7,2921
,,,,,,,,,,,67442387b4d57761ce64b4e688e7f2fc,3114
,,,,,,,,,,,aa46d9c096491e472e67ade5dc4bad87,866
,,,,,,,,,,,2f040f115186b5a5732d640a60cecfde,1774
,,,,,,,,,,,24cbfe46be2226eddedc36ba0498016b,1998
,,,,,,,,,,,32dd7db32e8653b69f3d5724cac4fbea,2883
,,,,,,,,,,,45f78a9a96288506b9efa3456f1012d9,1922
,,,,,,,,,,,4d6b6b5294fda334e440ecb372b1046e,2682
,,,,,,,,,,,9c1eacb11de50261fc3a61b64afd3fd6,986
,,,,,,,,,,,479410be3be3e479ec8239812d0771fb,2783
,,,,,,,,,,,a2d12ea4b1be0ecca002fafa1f31fd7a,2752
,,,,,,,,,,,4930168a2bde1525ca0a5e0f82240de4,2509
,,,,,,,,,,,b38cce7ffc32af49fce2257f74e82460,2711
,,,,,,,,,,,6bdc0c2c72ab4e22b8808e8a9af30983,945
,,,,,,,,,,,4b4c98baee8232eb5237a499a455dfa1,1651
,,,,,,,,,,,2b247f2ee297dabd47c23e11d5cdf4a8,2709
,,,,,,,,,,,497bc027097d09cca2c6e024c0798574,2172
,,,,,,,,,,,a011d432e09b7f1170ca1dd5c70b25fb,1829
,,,,,,,,,,,9533ff44755ccc805ffa053850c1232f,1664
,,,,,,,,,,,342ee695f58e3bc3545ecc5aedf8a353,1355
,,,,,,,,,,,e8d46da5d47f2530b6106c44daced556,1701
,,,,,,,,,,,67d101fdaab11bc828b57c547df9b6f9,1180
,,,,,,,,,,,a9fc8c80db44feca3a7717122a340d17,2610
,,,,,,,,,,,70b0b4c10993a82b1fcf112fe29328b5,2698
,,,,,,,,,,,7d56fdf375b1ae99aac7eaabbea73c0b,1912
,,,,,,,,,,,657b345a6b447d53840f7415b0971303,2751
,,,,,,,,,,,1abb324c8e40e6d55795e93087110514,1176
,,,,,,,,,,,cae700f6e813f50dc0838308ddf556a3,1010
,,,,,,,,,,,2952d8ab1fe92e435789dc7145e1f5ee,1963
,,,,,,,,,,,f710a4e6abd80d8c3ffc8b096c49dc99,2557
,,,,,,,,,,,6c0601dd2b6826b73d08115c5c01a031,2631
,,,,,,,,,,,7f100039d753bac7c4b8bd6976f54312,929
,,,,,,,,,,,b8f97c7a83c629e1bc27b56e7736fb95,2754
,,,,,,,,,,,4f2e59abcdf2940e7a0392e26cee145f,1574
,,,,,,,,,,,b44c7572a5daf740607a635323424680,993
,,,,,,,,,,,d8944e4be948321806d6545ad4ab8d06,1728
,,,,,,,,,,,205d27847e647e26d7fe086589cfaa73,1014
,,,,,,,,,,,a40fedb1374e96766df24e3595f4c95e,1166
,,,,,,,,,,,1e4228e1a0954988b7b364a981f1437f,1261
,,,,,,,,,,,1697c3b3b047d35f94c97daf7986d73b,1558
,,,,,,,,,,,6794ad28581ff28e3ba7bb3617cf3f75,1271
,,,,,,,,,,,05e56e27eceebd6b85a5df669025a2f9,2660
,,,,,,,,,,,4b6e5610e9e39d0cd7a129d848b40196,1407
,,,,,,,,,,,61ea398505174f1955eeff6171daae67,1527
,,,,,,,,,,,f8789de26136ddab1c71131ed01fda12,2068
,,,,,,,,,,,9ceced1e187551b1911226c405f959df,2724
,,,,,,,,,,,535e5e1cf8df76110a6dc4669c6f5271,2724
,,,,,,,,,,,3babf73087128d214d05e35240af64de,1014
,,,,,,,,,,,b598b7267194cf1b32fec90a967cf172,1608
,,,,,,,,,,,29a82704bad3f959b64de35826476202,937
,,,,,,,,,,,69aa712c5de37d66fcc89c84d6cd0c8d,2671
,,,,,,,,,,,4cf8eee2da23d92f3c4b076f9a5b5a80,1632
,,,,,,,,,,,75602d7a0d3300a0d65d7a9b62994bf8,2567
,,,,,,,,,,,3016a16f6262423739e7c54cacab4eed,1308
,,,,,,,,,,,2858c5a44e1b1410aba897937b91400d,1336
,,,,,,,,,,,1249cf46cce6da92763191e349b29204,2538
,,,,,,,,,,,0bb22bb38fcf0e023c94da4a187de239,1519
,,,,,,,,,,,8f6ac9c01fcc5ff7673677705395c0c8,928
,,,,,,,,,,,601eea26bf03953a9c1d72d77e081a03,993
,,,,,,,,,,,ce78ae6913bc1ef3bab5ca2cc97fe915,1285
,,,,,,,,,,,6ff251e055284ff24524b68c4739a7d6,1653
,,,,,,,,,,,7056852f422396c32e6e37be4f95b8ff,2439
,,,,,,,,,,,158f9cd38b78698abf80a11871e89f9f,1028
,,,,,,,,,,,a19ac39f6384d1ac8aebf2697a11ea48,1927
,,,,,,,,,,,4bf713cfacda39182b4acb9dd5b22b05,986
,,,,,,,,,,,369741028e0e1bf3a0d15f80914edadc,1509
,,,,,,,,,,,55b9182e1bcc62a37549e2cdb9300cfa,1890
,,,,,,,,,,,9b4664cf04a08fc4a03a2713fcbc3fcf,1579
,,,,,,,,,,,608c6830daea3493731f134296e4da42,1979
,,,,,,,,,,,918ec8450268b55d8ea35de375a2af30,2091
,,,,,,,,,,,06465b6227fa934857b3c1e6a3f456c4,1952
,,,,,,,,,,,b5dca9e74abb7d7af2f0a7fd8e47f0f9,2761
,,,,,,,,,,,df1d6c0324745c181cb6618424e20b16,1285
,,,,,,,,,,,c8b2d0fbdabf91f27e7a14cd03136d41,1585
,,,,,,,,,,,5ead7981aab66965eaf187ab41e31799,2723
,,,,,,,,,,,1705f745e3db6ee6ccb5e7048a8648fc,930
,,,,,,,,,,,1192a33a783aadab48ce1c4ba7ef8bab,4428
,,,,,,,,,,,ae6d738377ae8713d81a620fa2e0c8e1,934
,,,,,,,,,,,803704037c640d4692baeed8faaf8e24,2639
,,,,,,,,,,,c4bb00c05a4d830fcebdda6fb1ea36a4,746
,,,,,,,,,,,a67a880f825354f075797073fcbecda0,2752
,,,,,,,,,,,82c5c4325d7e0b90be74a6c90c9440be,2628
,,,,,,,,,,,92e8b2d3d3a8854eb471c122a677bd44,2086
,,,,,,,,,,,b2d78a632a30b1588cebdc863769ed95,1618
,,,,,,,,,,,6ade6330ae4a3a1f28cd094c47edc0aa,1997
,,,,,,,,,,,c14578b2c7826889fa9a3cf5e87ba0a8,3004
,,,,,,,,,,,75f3ca81398f8283b0576d9d6df6a8f6,877
,,,,,,,,,,,15afd9314aa5b3113730d1ab4d2dd53a,1849
,,,,,,,,,,,c5b5c3ff9e67ab1d6999e23d9d03b709,1647
,,,,,,,,,,,5dcfaad9363a8039264e72e2fe802dbe,2312
,,,,,,,,,,,f960d3709f580b17568ca01b7c40c7fe,2591
,,,,,,,,,,,a002d69f4e75fe858c205f054a39b08a,1449
,,,,,,,,,,,3dbdd8974f81a0111d8620e88c0b0a9b,897
,,,,,,,,,,,2c0e0cf84d7827d126299600fbf054a2,1622
,,,,,,,,,,,9e548b1b5b06dc4d6c08b1f2ccad9495,977
,,,,,,,,,,,acfea46b98d0cea84794c246444b64ff,1154
,,,,,,,,,,,02567224f15b239231355984ca8193ed,1595
,,,,,,,,,,,4b81660108e0498e554b5dce4f8bbb26,2337
,,,,,,,,,,,4262924b348e3f25a37198f72d6e6106,1231
,,,,,,,,,,,422edcbdd20224f8cda5306518248815,2846
,,,,,,,,,,,7cd3c8c5953f8c51aeca84a38597bfad,2642
,,,,,,,,,,,d97e489b023dfc35273518866d4682df,2388
,,,,,,,,,,,f5debdf2803c940d431a491503551fe4,2625
,,,,,,,,,,,9911daba1d1e8b76daf4d3deb911443b,910
,,,,,,,,,,,4408eb8fc1822c7bc4f70399f7646b05,1900
,,,,,,,,,,,6759ade44e7b4df3f9f90c8811cd7f79,2451
,,,,,,,,,,,2954d719d8caabad8b1bc64424103b45,1601
,,,,,,,,,,,6c4a0a33133951f3e53ad890aeb9cba3,1132
,,,,,,,,,,,549c1dc1823977bb2868ec52379dea96,1163
,,,,,,,,,,,e7137c38c221ea0b3fe315a81a2d3739,1828
,,,,,,,,,,,c4511d9be57e745634e8abfc88024e67,1575
,,,,,,,,,,,b22acd5f44208364cf58279e5535ecca,2615
,,,,,,,,,,,8aad25043f22ec556cb47bc39882a0ae,1448
,,,,,,,,,,,d1c5b78aecba29a9cdd9f8403ea4612c,2598
,,,,,,,,,,,46bfcd63becb98ccf707ed113d309b70,1671
,,,,,,,,,,,a1cd1c3beccda93c9345a30eb3b6b116,1189
,,,,,,,,,,,4e55aa876201c28a1ec405ff5b7244e0,1122
,,,,,,,,,,,92619a2b894a480f9bd996030618840b,1316
,,,,,,,,,,,837acb030db2847ed63fb6e73711ba41,1991
,,,,,,,,,,,fdf1320ca51bac18a7638c279046a271,1504
,,,,,,,,,,,3fd3ce9ea1901e8f0d89e8f13ec1bb8a,1494
,,,,,,,,,,,2412034a8181654f61d5cdaca7e360a3,1587
,,,,,,,,,,,33365edb1b637be7d545088dc387e857,1352
,,,,,,,,,,,f9e7aa76f206ebcc56f97ed3a87cc5dc,1574
,,,,,,,,,,,6a73fee42c83dc47446e0016c89768fb,1130
,,,,,,,,,,,e8ae0e3f237636cdcff562d490bd1ff3,1114
,,,,,,,,,,,3f2aeae384b10b45a056f7fa1f9fd62c,1527
,,,,,,,,,,,0f97e6abf25a531fe2b9d345781370e9,1150
,,,,,,,,,,,6da89bf94bee0bc596bd3ad4baec22e7,1534
,,,,,,,,,,,8e121fe04c7a08b942d38712755e9bb2,1492
,,,,,,,,,,,5e2e035af52f497e3b79d9c5cf9920e6,1663
,,,,,,,,,,,0bb171aa4695da74eaabcfd5da9fa7ca,1908
,,,,,,,,,,,5640923ca5c400a87cc0c06ce57e137e,2217
,,,,,,,,,,,d3dc261b7b63fe698f78993218c218d8,1196
,,,,,,,,,,,c41a0ed7420353c6bb1bfe7296315c66,960
,,,,,,,,,,,6633f94f7bffbf3a7376aaf60e223014,2389
,,,,,,,,,,,d1ba821a6ad4aabcac6cdebf5b8d82d6,2472
,,,,,,,,,,,37330aeb15f67b08f43501ac40b8a0dd,1474
,,,,,,,,,,,831ac54279838bfc1adbc850072bf8d3,1635
,,,,,,,,,,,9fb03006fb2eee2b8a748c47c7f5e834,1558
,,,,,,,,,,,b4936e31a1657e749ef33b2314cbb8a1,1174
,,,,,,,,,,,cf228cec3d52d8e56781ed3f25644a87,7327
,,,,,,,,,,,d31f9ae2990b606ed85e421b7b250f48,1558
,,,,,,,,,,,cb12e2c00200036c905b54d89be2da23,1484
,,,,,,,,,,,b7ca6dbb5ad6386dc7136ef7331a2776,2224
,,,,,,,,,,,d4748381841b882a7a654f6f154c5b66,882
,,,,,,,,,,,1ad7d90e820f25b7a5269feb82f225da,2297
